method,rep,elapsed_secs,best_score
gen,1,30,-1090000000000
gen,1,60,-1090000000000
gen,1,90,-1090000000000
gen,1,120,-1090000000000
gen,1,150,-1090000000000
gen,1,180,-1090000000000
gen,1,210,-1090000000000
gen,1,240,-1090000000000
gen,1,270,-1090000000000
gen,1,300,-1060000000000
gen,1,330,-1060000000000
gen,1,360,-1060000000000
gen,1,390,-1060000000000
gen,1,420,-1060000000000
gen,1,450,-1060000000000
gen,1,480,-1060000000000
gen,1,510,-1060000000000
gen,1,540,-1060000000000
gen,1,570,-1060000000000
gen,1,600,-1060000000000
gen,1,630,-1060000000000
gen,1,660,-1060000000000
gen,1,690,-1060000000000
gen,1,720,-1060000000000
gen,1,750,-1060000000000
gen,1,780,-1060000000000
gen,1,810,-1060000000000
gen,1,840,-1060000000000
gen,1,870,-1060000000000
gen,1,900,-1060000000000
gen,1,930,-1060000000000
gen,1,960,-1060000000000
gen,1,990,-1060000000000
gen,1,1020,-1060000000000
gen,1,1050,-1060000000000
gen,1,1080,-1060000000000
gen,1,1110,-1060000000000
gen,1,1140,-1060000000000
gen,1,1170,-1060000000000
gen,1,1200,-1060000000000
gen,1,1230,-1060000000000
gen,1,1260,-1060000000000
gen,1,1290,-1060000000000
gen,1,1320,-1060000000000
gen,1,1350,-1060000000000
gen,1,1380,-1060000000000
gen,1,1410,-1060000000000
gen,1,1440,-1060000000000
gen,1,1470,-1060000000000
gen,1,1500,-1060000000000
gen,1,1530,-1060000000000
gen,1,1560,-1060000000000
gen,1,1590,-1060000000000
gen,1,1620,-1060000000000
gen,1,1650,-1060000000000
gen,1,1680,-1040000000000
gen,1,1710,-1040000000000
gen,1,1740,-1040000000000
gen,1,1770,-1040000000000
gen,1,1800,-1040000000000
gen,1,1830,-1040000000000
gen,1,1860,-1040000000000
gen,1,1890,-1040000000000
gen,1,1920,-1040000000000
gen,1,1950,-1040000000000
gen,1,1980,-1040000000000
gen,1,2010,-1040000000000
gen,1,2040,-1040000000000
gen,1,2070,-1040000000000
gen,1,2100,-1040000000000
gen,1,2130,-1040000000000
gen,1,2160,-1040000000000
gen,1,2190,-1040000000000
gen,1,2220,-1040000000000
gen,1,2250,-1040000000000
gen,1,2280,-1040000000000
gen,1,2310,-1040000000000
gen,1,2340,-1040000000000
gen,1,2370,-1040000000000
gen,1,2400,-1020000000000
sa,1,60,-1220000000000
sa,1,90,-1220000000000
sa,1,120,-1220000000000
sa,1,150,-1220000000000
sa,1,180,-1220000000000
sa,1,210,-1220000000000
sa,1,240,-1160000000000
sa,1,270,-1160000000000
sa,1,300,-1160000000000
sa,1,330,-1160000000000
sa,1,360,-1160000000000
sa,1,390,-1160000000000
sa,1,420,-1160000000000
sa,1,450,-1160000000000
sa,1,480,-1160000000000
sa,1,510,-1160000000000
sa,1,540,-1160000000000
sa,1,570,-1160000000000
sa,1,600,-1160000000000
sa,1,630,-1160000000000
sa,1,660,-1160000000000
sa,1,690,-1160000000000
sa,1,720,-1160000000000
sa,1,750,-1160000000000
sa,1,780,-1160000000000
sa,1,810,-1160000000000
sa,1,840,-1160000000000
sa,1,870,-1160000000000
sa,1,900,-1160000000000
sa,1,930,-1160000000000
sa,1,960,-1160000000000
sa,1,990,-1160000000000
sa,1,1020,-1160000000000
sa,1,1050,-1160000000000
sa,1,1080,-1160000000000
sa,1,1110,-1160000000000
sa,1,1140,-1160000000000
sa,1,1170,-1160000000000
sa,1,1200,-1160000000000
sa,1,1230,-1160000000000
sa,1,1260,-1160000000000
sa,1,1290,-1160000000000
sa,1,1320,-1120000000000
sa,1,1350,-1120000000000
sa,1,1380,-1120000000000
sa,1,1410,-1120000000000
sa,1,1440,-1120000000000
sa,1,1470,-1120000000000
sa,1,1500,-1120000000000
sa,1,1530,-1120000000000
sa,1,1560,-1120000000000
sa,1,1590,-1120000000000
sa,1,1620,-1120000000000
sa,1,1650,-1120000000000
sa,1,1680,-1120000000000
sa,1,1710,-1120000000000
sa,1,1740,-1120000000000
sa,1,1770,-1120000000000
sa,1,1800,-1120000000000
sa,1,1830,-1120000000000
sa,1,1860,-1120000000000
sa,1,1890,-1120000000000
sa,1,1920,-1120000000000
sa,1,1950,-1120000000000
sa,1,1980,-1120000000000
sa,1,2010,-1120000000000
sa,1,2040,-1120000000000
sa,1,2070,-1120000000000
sa,1,2100,-1120000000000
sa,1,2130,-1120000000000
sa,1,2160,-1120000000000
sa,1,2190,-1120000000000
sa,1,2220,-1120000000000
sa,1,2250,-1120000000000
sa,1,2280,-1120000000000
sa,1,2310,-1120000000000
sa,1,2340,-1120000000000
sa,1,2370,-1120000000000
sa,1,2400,-1120000000000
sa,1,2400,-1120000000000
da,1,30,-1150000000000
da,1,60,-1120000000000
da,1,90,-1120000000000
da,1,120,-1120000000000
da,1,150,-1120000000000
da,1,180,-1090000000000
da,1,210,-1090000000000
da,1,240,-1090000000000
da,1,270,-1090000000000
da,1,300,-1090000000000
da,1,330,-1090000000000
da,1,360,-1090000000000
da,1,390,-1090000000000
da,1,420,-1090000000000
da,1,450,-1090000000000
da,1,480,-1090000000000
da,1,510,-1090000000000
da,1,540,-1090000000000
da,1,570,-1090000000000
da,1,600,-1090000000000
da,1,630,-1090000000000
da,1,660,-1090000000000
da,1,690,-1090000000000
da,1,720,-1090000000000
da,1,750,-1090000000000
da,1,780,-1090000000000
da,1,810,-1090000000000
da,1,840,-1090000000000
da,1,870,-1090000000000
da,1,900,-1090000000000
da,1,930,-1090000000000
da,1,960,-1090000000000
da,1,990,-1090000000000
da,1,1020,-1090000000000
da,1,1050,-1090000000000
da,1,1080,-1090000000000
da,1,1110,-1090000000000
da,1,1140,-1090000000000
da,1,1170,-1090000000000
da,1,1200,-1090000000000
da,1,1230,-1090000000000
da,1,1260,-1090000000000
da,1,1290,-1090000000000
da,1,1320,-1090000000000
da,1,1350,-1090000000000
da,1,1380,-1090000000000
da,1,1410,-1090000000000
da,1,1440,-1090000000000
da,1,1470,-1090000000000
da,1,1500,-1090000000000
da,1,1530,-1090000000000
da,1,1560,-1090000000000
da,1,1590,-1090000000000
da,1,1620,-1090000000000
da,1,1650,-1090000000000
da,1,1680,-1090000000000
da,1,1710,-1090000000000
da,1,1740,-1090000000000
da,1,1770,-1090000000000
da,1,1800,-1090000000000
da,1,1830,-1090000000000
da,1,1860,-1090000000000
da,1,1890,-1090000000000
da,1,1920,-1090000000000
da,1,1950,-1090000000000
da,1,1980,-1090000000000
da,1,2010,-1090000000000
da,1,2040,-1090000000000
da,1,2070,-1090000000000
da,1,2100,-1090000000000
da,1,2130,-1090000000000
da,1,2160,-1090000000000
da,1,2190,-1090000000000
da,1,2220,-1090000000000
da,1,2250,-1090000000000
da,1,2280,-1090000000000
da,1,2310,-1090000000000
da,1,2340,-1090000000000
da,1,2370,-1090000000000
da,1,2400,-1090000000000
mcts,1,30,-2410000000000
mcts,1,60,-2410000000000
mcts,1,90,-2410000000000
mcts,1,120,-2410000000000
mcts,1,150,-2410000000000
mcts,1,180,-2410000000000
mcts,1,210,-2410000000000
mcts,1,240,-2410000000000
mcts,1,270,-2410000000000
mcts,1,300,-2410000000000
mcts,1,330,-2410000000000
mcts,1,360,-2410000000000
mcts,1,390,-2410000000000
mcts,1,420,-2410000000000
mcts,1,450,-2410000000000
mcts,1,480,-2410000000000
mcts,1,510,-2410000000000
mcts,1,540,-2410000000000
mcts,1,570,-2410000000000
mcts,1,600,-2410000000000
mcts,1,630,-2410000000000
mcts,1,660,-2410000000000
mcts,1,690,-2410000000000
mcts,1,720,-2410000000000
mcts,1,750,-2410000000000
mcts,1,780,-2410000000000
mcts,1,810,-2410000000000
mcts,1,840,-2410000000000
mcts,1,870,-2410000000000
mcts,1,900,-2410000000000
mcts,1,930,-2410000000000
mcts,1,960,-2410000000000
mcts,1,990,-2410000000000
mcts,1,1020,-2410000000000
mcts,1,1050,-2410000000000
mcts,1,1080,-2410000000000
mcts,1,1110,-2410000000000
mcts,1,1140,-2410000000000
mcts,1,1170,-2410000000000
mcts,1,1200,-2410000000000
mcts,1,1230,-2410000000000
mcts,1,1260,-2410000000000
mcts,1,1290,-2410000000000
mcts,1,1320,-2410000000000
mcts,1,1350,-2410000000000
mcts,1,1380,-2410000000000
mcts,1,1410,-2410000000000
mcts,1,1440,-2410000000000
mcts,1,1470,-2410000000000
mcts,1,1500,-2410000000000
mcts,1,1530,-2410000000000
mcts,1,1560,-2410000000000
mcts,1,1590,-2410000000000
mcts,1,1620,-2410000000000
mcts,1,1650,-2410000000000
mcts,1,1680,-2410000000000
mcts,1,1710,-2410000000000
mcts,1,1740,-2410000000000
mcts,1,1770,-2410000000000
mcts,1,1800,-2410000000000
mcts,1,1830,-2410000000000
mcts,1,1860,-2410000000000
mcts,1,1890,-2410000000000
mcts,1,1920,-2410000000000
mcts,1,1950,-2410000000000
mcts,1,1980,-2410000000000
mcts,1,2010,-2410000000000
mcts,1,2040,-2410000000000
mcts,1,2070,-2410000000000
mcts,1,2100,-2410000000000
mcts,1,2130,-2410000000000
mcts,1,2160,-2410000000000
mcts,1,2190,-2410000000000
mcts,1,2220,-2410000000000
mcts,1,2250,-2410000000000
mcts,1,2280,-2410000000000
mcts,1,2310,-2410000000000
mcts,1,2340,-2410000000000
mcts,1,2370,-2410000000000
mcts,1,2400,-2410000000000
gen,2,30,-1170000000000
gen,2,60,-1150000000000
gen,2,90,-1070000000000
gen,2,120,-1070000000000
gen,2,150,-1070000000000
gen,2,180,-1020000000000
gen,2,210,-1020000000000
gen,2,240,-1020000000000
gen,2,270,-1020000000000
gen,2,300,-1020000000000
gen,2,330,-1020000000000
gen,2,360,-1020000000000
gen,2,390,-1020000000000
gen,2,420,-1020000000000
gen,2,450,-1020000000000
gen,2,480,-1020000000000
gen,2,510,-1020000000000
gen,2,540,-1020000000000
gen,2,570,-1020000000000
gen,2,600,-1020000000000
gen,2,630,-1020000000000
gen,2,660,-1020000000000
gen,2,690,-1020000000000
gen,2,720,-1020000000000
gen,2,750,-1020000000000
gen,2,780,-1020000000000
gen,2,810,-1020000000000
gen,2,840,-1020000000000
gen,2,870,-1020000000000
gen,2,900,-1020000000000
gen,2,930,-1020000000000
gen,2,960,-1020000000000
gen,2,990,-1020000000000
gen,2,1020,-1020000000000
gen,2,1050,-1020000000000
gen,2,1080,-1000000000000
gen,2,1110,-1000000000000
gen,2,1140,-1000000000000
gen,2,1170,-1000000000000
gen,2,1200,-1000000000000
gen,2,1230,-1000000000000
gen,2,1260,-1000000000000
gen,2,1290,-1000000000000
gen,2,1320,-1000000000000
gen,2,1350,-1000000000000
gen,2,1380,-1000000000000
gen,2,1410,-1000000000000
gen,2,1440,-1000000000000
gen,2,1470,-1000000000000
gen,2,1500,-1000000000000
gen,2,1530,-1000000000000
gen,2,1560,-1000000000000
gen,2,1590,-1000000000000
gen,2,1620,-1000000000000
gen,2,1650,-1000000000000
gen,2,1680,-1000000000000
gen,2,1710,-1000000000000
gen,2,1740,-1000000000000
gen,2,1770,-1000000000000
gen,2,1800,-1000000000000
gen,2,1830,-1000000000000
gen,2,1860,-1000000000000
gen,2,1890,-1000000000000
gen,2,1920,-1000000000000
gen,2,1950,-1000000000000
gen,2,1980,-1000000000000
gen,2,2010,-1000000000000
gen,2,2040,-1000000000000
gen,2,2070,-1000000000000
gen,2,2100,-1000000000000
gen,2,2130,-1000000000000
gen,2,2160,-1000000000000
gen,2,2190,-1000000000000
gen,2,2220,-1000000000000
gen,2,2250,-1000000000000
gen,2,2280,-1000000000000
gen,2,2310,-1000000000000
gen,2,2340,-1000000000000
gen,2,2370,-1000000000000
gen,2,2400,-1000000000000
sa,2,60,-5490000000000
sa,2,90,-5490000000000
sa,2,120,-1660000000000
sa,2,150,-1660000000000
sa,2,180,-1320000000000
sa,2,210,-1320000000000
sa,2,240,-1320000000000
sa,2,270,-1320000000000
sa,2,300,-1320000000000
sa,2,330,-1320000000000
sa,2,360,-1320000000000
sa,2,390,-1310000000000
sa,2,420,-1310000000000
sa,2,450,-1310000000000
sa,2,480,-1310000000000
sa,2,510,-1310000000000
sa,2,540,-1310000000000
sa,2,570,-1310000000000
sa,2,600,-1260000000000
sa,2,630,-1260000000000
sa,2,660,-1190000000000
sa,2,690,-1190000000000
sa,2,720,-1190000000000
sa,2,750,-1190000000000
sa,2,780,-1190000000000
sa,2,810,-1190000000000
sa,2,840,-1190000000000
sa,2,870,-1190000000000
sa,2,900,-1190000000000
sa,2,930,-1190000000000
sa,2,960,-1190000000000
sa,2,990,-1190000000000
sa,2,1020,-1190000000000
sa,2,1050,-1190000000000
sa,2,1080,-1190000000000
sa,2,1110,-1190000000000
sa,2,1140,-1190000000000
sa,2,1170,-1140000000000
sa,2,1200,-1140000000000
sa,2,1230,-1140000000000
sa,2,1260,-1140000000000
sa,2,1290,-1140000000000
sa,2,1320,-1140000000000
sa,2,1350,-1140000000000
sa,2,1380,-1140000000000
sa,2,1410,-1140000000000
sa,2,1440,-1140000000000
sa,2,1470,-1140000000000
sa,2,1500,-1140000000000
sa,2,1530,-1140000000000
sa,2,1560,-1140000000000
sa,2,1590,-1140000000000
sa,2,1620,-1140000000000
sa,2,1650,-1140000000000
sa,2,1680,-1140000000000
sa,2,1710,-1140000000000
sa,2,1740,-1140000000000
sa,2,1770,-1140000000000
sa,2,1800,-1140000000000
sa,2,1830,-1140000000000
sa,2,1860,-1140000000000
sa,2,1890,-1140000000000
sa,2,1920,-1140000000000
sa,2,1950,-1140000000000
sa,2,1980,-1140000000000
sa,2,2010,-1140000000000
sa,2,2040,-1140000000000
sa,2,2070,-1140000000000
sa,2,2100,-1140000000000
sa,2,2130,-1140000000000
sa,2,2160,-1140000000000
sa,2,2190,-1140000000000
sa,2,2220,-1140000000000
sa,2,2250,-1140000000000
sa,2,2280,-1140000000000
sa,2,2310,-1140000000000
sa,2,2340,-1140000000000
sa,2,2370,-1140000000000
sa,2,2400,-1140000000000
sa,2,2400,-1140000000000
da,2,30,-1180000000000
da,2,60,-1150000000000
da,2,90,-1150000000000
da,2,120,-1150000000000
da,2,150,-1150000000000
da,2,180,-1150000000000
da,2,210,-1150000000000
da,2,240,-1130000000000
da,2,270,-1130000000000
da,2,300,-1130000000000
da,2,330,-1130000000000
da,2,360,-1130000000000
da,2,390,-1130000000000
da,2,420,-1130000000000
da,2,450,-1130000000000
da,2,480,-1130000000000
da,2,510,-1130000000000
da,2,540,-1130000000000
da,2,570,-1130000000000
da,2,600,-1130000000000
da,2,630,-1130000000000
da,2,660,-1130000000000
da,2,690,-1130000000000
da,2,720,-1130000000000
da,2,750,-1130000000000
da,2,780,-1080000000000
da,2,810,-1080000000000
da,2,840,-1080000000000
da,2,870,-1080000000000
da,2,900,-1080000000000
da,2,930,-1080000000000
da,2,960,-1080000000000
da,2,990,-1080000000000
da,2,1020,-1080000000000
da,2,1050,-1080000000000
da,2,1080,-1080000000000
da,2,1110,-1080000000000
da,2,1140,-1080000000000
da,2,1170,-1080000000000
da,2,1200,-1080000000000
da,2,1230,-1080000000000
da,2,1260,-1080000000000
da,2,1290,-1080000000000
da,2,1320,-1080000000000
da,2,1350,-1080000000000
da,2,1380,-1080000000000
da,2,1410,-1080000000000
da,2,1440,-1080000000000
da,2,1470,-1080000000000
da,2,1500,-1080000000000
da,2,1530,-1080000000000
da,2,1560,-1080000000000
da,2,1590,-1080000000000
da,2,1620,-1080000000000
da,2,1650,-1080000000000
da,2,1680,-1080000000000
da,2,1710,-1080000000000
da,2,1740,-1080000000000
da,2,1770,-1080000000000
da,2,1800,-1080000000000
da,2,1830,-1080000000000
da,2,1860,-1080000000000
da,2,1890,-1080000000000
da,2,1920,-1080000000000
da,2,1950,-1080000000000
da,2,1980,-1080000000000
da,2,2010,-1080000000000
da,2,2040,-1080000000000
da,2,2070,-1080000000000
da,2,2100,-1080000000000
da,2,2130,-1080000000000
da,2,2160,-1080000000000
da,2,2190,-1080000000000
da,2,2220,-1080000000000
da,2,2250,-1080000000000
da,2,2280,-1080000000000
da,2,2310,-1080000000000
da,2,2340,-1080000000000
da,2,2370,-1080000000000
da,2,2400,-1080000000000
mcts,2,30,-2480000000000
mcts,2,60,-2480000000000
mcts,2,90,-2480000000000
mcts,2,120,-2480000000000
mcts,2,150,-2480000000000
mcts,2,180,-2480000000000
mcts,2,210,-2480000000000
mcts,2,240,-2480000000000
mcts,2,270,-2480000000000
mcts,2,300,-2480000000000
mcts,2,330,-2480000000000
mcts,2,360,-2480000000000
mcts,2,390,-2480000000000
mcts,2,420,-2480000000000
mcts,2,450,-2480000000000
mcts,2,480,-2480000000000
mcts,2,510,-2480000000000
mcts,2,540,-2480000000000
mcts,2,570,-2480000000000
mcts,2,600,-2480000000000
mcts,2,630,-2480000000000
mcts,2,660,-2480000000000
mcts,2,690,-2480000000000
mcts,2,720,-2480000000000
mcts,2,750,-2480000000000
mcts,2,780,-2480000000000
mcts,2,810,-2480000000000
mcts,2,840,-2480000000000
mcts,2,870,-2480000000000
mcts,2,900,-2480000000000
mcts,2,930,-2480000000000
mcts,2,960,-2480000000000
mcts,2,990,-2480000000000
mcts,2,1020,-2480000000000
mcts,2,1050,-2480000000000
mcts,2,1080,-2480000000000
mcts,2,1110,-2480000000000
mcts,2,1140,-2480000000000
mcts,2,1170,-2480000000000
mcts,2,1200,-2480000000000
mcts,2,1230,-2480000000000
mcts,2,1260,-2480000000000
mcts,2,1290,-2480000000000
mcts,2,1320,-2480000000000
mcts,2,1350,-2480000000000
mcts,2,1380,-2480000000000
mcts,2,1410,-2480000000000
mcts,2,1440,-2480000000000
mcts,2,1470,-2480000000000
mcts,2,1500,-2480000000000
mcts,2,1530,-2480000000000
mcts,2,1560,-2480000000000
mcts,2,1590,-2480000000000
mcts,2,1620,-2480000000000
mcts,2,1650,-2480000000000
mcts,2,1680,-2480000000000
mcts,2,1710,-2480000000000
mcts,2,1740,-2480000000000
mcts,2,1770,-2480000000000
mcts,2,1800,-2480000000000
mcts,2,1830,-2480000000000
mcts,2,1860,-2480000000000
mcts,2,1890,-2480000000000
mcts,2,1920,-2480000000000
mcts,2,1950,-2480000000000
mcts,2,1980,-2480000000000
mcts,2,2010,-2480000000000
mcts,2,2040,-2480000000000
mcts,2,2070,-2480000000000
mcts,2,2100,-2480000000000
mcts,2,2130,-2480000000000
mcts,2,2160,-2480000000000
mcts,2,2190,-2480000000000
mcts,2,2220,-2480000000000
mcts,2,2250,-2480000000000
mcts,2,2280,-2480000000000
mcts,2,2310,-2480000000000
mcts,2,2340,-2480000000000
mcts,2,2370,-2480000000000
mcts,2,2400,-2480000000000
gen,3,30,-1080000000000
gen,3,60,-1080000000000
gen,3,90,-1080000000000
gen,3,120,-1080000000000
gen,3,150,-1080000000000
gen,3,180,-1080000000000
gen,3,210,-1080000000000
gen,3,240,-1050000000000
gen,3,270,-1050000000000
gen,3,300,-1050000000000
gen,3,330,-1050000000000
gen,3,360,-1050000000000
gen,3,390,-1050000000000
gen,3,420,-1050000000000
gen,3,450,-1050000000000
gen,3,480,-1050000000000
gen,3,510,-1050000000000
gen,3,540,-1050000000000
gen,3,570,-1050000000000
gen,3,600,-1050000000000
gen,3,630,-1050000000000
gen,3,660,-1050000000000
gen,3,690,-1050000000000
gen,3,720,-1050000000000
gen,3,750,-1050000000000
gen,3,780,-1050000000000
gen,3,810,-1050000000000
gen,3,840,-1050000000000
gen,3,870,-1050000000000
gen,3,900,-1050000000000
gen,3,930,-1050000000000
gen,3,960,-1050000000000
gen,3,990,-1050000000000
gen,3,1020,-1050000000000
gen,3,1050,-1050000000000
gen,3,1080,-1050000000000
gen,3,1110,-1050000000000
gen,3,1140,-1050000000000
gen,3,1170,-1050000000000
gen,3,1200,-1050000000000
gen,3,1230,-1050000000000
gen,3,1260,-1050000000000
gen,3,1290,-1050000000000
gen,3,1320,-1050000000000
gen,3,1350,-1050000000000
gen,3,1380,-1050000000000
gen,3,1410,-1050000000000
gen,3,1440,-1050000000000
gen,3,1470,-1050000000000
gen,3,1500,-1050000000000
gen,3,1530,-1050000000000
gen,3,1560,-1050000000000
gen,3,1590,-1050000000000
gen,3,1620,-1050000000000
gen,3,1650,-1050000000000
gen,3,1680,-1050000000000
gen,3,1710,-1050000000000
gen,3,1740,-1050000000000
gen,3,1770,-1050000000000
gen,3,1800,-1050000000000
gen,3,1830,-1050000000000
gen,3,1860,-1050000000000
gen,3,1890,-1050000000000
gen,3,1920,-1050000000000
gen,3,1950,-1050000000000
gen,3,1980,-1050000000000
gen,3,2010,-1050000000000
gen,3,2040,-1050000000000
gen,3,2070,-1050000000000
gen,3,2100,-1050000000000
gen,3,2130,-1050000000000
gen,3,2160,-1050000000000
gen,3,2190,-1050000000000
gen,3,2220,-1050000000000
gen,3,2250,-1050000000000
gen,3,2280,-1050000000000
gen,3,2310,-1050000000000
gen,3,2340,-1050000000000
gen,3,2370,-1050000000000
gen,3,2400,-1050000000000
sa,3,60,-4880000000000
sa,3,90,-4880000000000
sa,3,120,-4470000000000
sa,3,150,-4470000000000
sa,3,180,-4470000000000
sa,3,210,-4470000000000
sa,3,240,-1340000000000
sa,3,270,-1340000000000
sa,3,300,-1340000000000
sa,3,330,-1340000000000
sa,3,360,-1340000000000
sa,3,390,-1340000000000
sa,3,420,-1340000000000
sa,3,450,-1340000000000
sa,3,480,-1340000000000
sa,3,510,-1340000000000
sa,3,540,-1340000000000
sa,3,570,-1340000000000
sa,3,600,-1310000000000
sa,3,630,-1310000000000
sa,3,660,-1310000000000
sa,3,690,-1310000000000
sa,3,720,-1310000000000
sa,3,750,-1310000000000
sa,3,780,-1310000000000
sa,3,810,-1200000000000
sa,3,840,-1200000000000
sa,3,870,-1200000000000
sa,3,900,-1200000000000
sa,3,930,-1200000000000
sa,3,960,-1200000000000
sa,3,990,-1200000000000
sa,3,1020,-1200000000000
sa,3,1050,-1200000000000
sa,3,1080,-1200000000000
sa,3,1110,-1190000000000
sa,3,1140,-1190000000000
sa,3,1170,-1180000000000
sa,3,1200,-1180000000000
sa,3,1230,-1180000000000
sa,3,1260,-1180000000000
sa,3,1290,-1180000000000
sa,3,1320,-1180000000000
sa,3,1350,-1180000000000
sa,3,1380,-1180000000000
sa,3,1410,-1180000000000
sa,3,1440,-1180000000000
sa,3,1470,-1180000000000
sa,3,1500,-1180000000000
sa,3,1530,-1180000000000
sa,3,1560,-1180000000000
sa,3,1590,-1180000000000
sa,3,1620,-1180000000000
sa,3,1650,-1180000000000
sa,3,1680,-1180000000000
sa,3,1710,-1180000000000
sa,3,1740,-1180000000000
sa,3,1770,-1180000000000
sa,3,1800,-1180000000000
sa,3,1830,-1180000000000
sa,3,1860,-1180000000000
sa,3,1890,-1180000000000
sa,3,1920,-1180000000000
sa,3,1950,-1180000000000
sa,3,1980,-1180000000000
sa,3,2010,-1180000000000
sa,3,2040,-1180000000000
sa,3,2070,-1180000000000
sa,3,2100,-1180000000000
sa,3,2130,-1180000000000
sa,3,2160,-1140000000000
sa,3,2190,-1140000000000
sa,3,2220,-1140000000000
sa,3,2250,-1140000000000
sa,3,2280,-1140000000000
sa,3,2310,-1140000000000
sa,3,2340,-1140000000000
sa,3,2370,-1140000000000
sa,3,2400,-1140000000000
sa,3,2400,-1140000000000
da,3,30,-1130000000000
da,3,60,-1130000000000
da,3,90,-1130000000000
da,3,120,-1130000000000
da,3,150,-1130000000000
da,3,180,-1130000000000
da,3,210,-1130000000000
da,3,240,-1130000000000
da,3,270,-1130000000000
da,3,300,-1130000000000
da,3,330,-1130000000000
da,3,360,-1130000000000
da,3,390,-1130000000000
da,3,420,-1130000000000
da,3,450,-1130000000000
da,3,480,-1130000000000
da,3,510,-1130000000000
da,3,540,-1100000000000
da,3,570,-1100000000000
da,3,600,-1100000000000
da,3,630,-1100000000000
da,3,660,-1100000000000
da,3,690,-1100000000000
da,3,720,-1100000000000
da,3,750,-1100000000000
da,3,780,-1100000000000
da,3,810,-1100000000000
da,3,840,-1100000000000
da,3,870,-1100000000000
da,3,900,-1100000000000
da,3,930,-1100000000000
da,3,960,-1100000000000
da,3,990,-1100000000000
da,3,1020,-1100000000000
da,3,1050,-1100000000000
da,3,1080,-1100000000000
da,3,1110,-1100000000000
da,3,1140,-1100000000000
da,3,1170,-1100000000000
da,3,1200,-1100000000000
da,3,1230,-1100000000000
da,3,1260,-1100000000000
da,3,1290,-1100000000000
da,3,1320,-1100000000000
da,3,1350,-1100000000000
da,3,1380,-1100000000000
da,3,1410,-1100000000000
da,3,1440,-1100000000000
da,3,1470,-1100000000000
da,3,1500,-1100000000000
da,3,1530,-1100000000000
da,3,1560,-1100000000000
da,3,1590,-1100000000000
da,3,1620,-1100000000000
da,3,1650,-1100000000000
da,3,1680,-1100000000000
da,3,1710,-1100000000000
da,3,1740,-1100000000000
da,3,1770,-1100000000000
da,3,1800,-1100000000000
da,3,1830,-1100000000000
da,3,1860,-1100000000000
da,3,1890,-1100000000000
da,3,1920,-1090000000000
da,3,1950,-1090000000000
da,3,1980,-1090000000000
da,3,2010,-1090000000000
da,3,2040,-1090000000000
da,3,2070,-1090000000000
da,3,2100,-1090000000000
da,3,2130,-1090000000000
da,3,2160,-1090000000000
da,3,2190,-1090000000000
da,3,2220,-1090000000000
da,3,2250,-1090000000000
da,3,2280,-1090000000000
da,3,2310,-1090000000000
da,3,2340,-1090000000000
da,3,2370,-1090000000000
da,3,2400,-1090000000000
mcts,3,30,-2670000000000
mcts,3,60,-2670000000000
mcts,3,90,-2670000000000
mcts,3,120,-2670000000000
mcts,3,150,-2670000000000
mcts,3,180,-2670000000000
mcts,3,210,-2670000000000
mcts,3,240,-2670000000000
mcts,3,270,-2670000000000
mcts,3,300,-2670000000000
mcts,3,330,-2670000000000
mcts,3,360,-2670000000000
mcts,3,390,-2670000000000
mcts,3,420,-2670000000000
mcts,3,450,-2670000000000
mcts,3,480,-2670000000000
mcts,3,510,-2670000000000
mcts,3,540,-2670000000000
mcts,3,570,-2670000000000
mcts,3,600,-2670000000000
mcts,3,630,-2670000000000
mcts,3,660,-2670000000000
mcts,3,690,-2670000000000
mcts,3,720,-2670000000000
mcts,3,750,-2670000000000
mcts,3,780,-2670000000000
mcts,3,810,-2670000000000
mcts,3,840,-2670000000000
mcts,3,870,-2670000000000
mcts,3,900,-2670000000000
mcts,3,930,-2670000000000
mcts,3,960,-2670000000000
mcts,3,990,-2670000000000
mcts,3,1020,-2670000000000
mcts,3,1050,-2670000000000
mcts,3,1080,-2670000000000
mcts,3,1110,-2670000000000
mcts,3,1140,-2670000000000
mcts,3,1170,-2670000000000
mcts,3,1200,-2670000000000
mcts,3,1230,-2670000000000
mcts,3,1260,-2670000000000
mcts,3,1290,-2670000000000
mcts,3,1320,-2670000000000
mcts,3,1350,-2670000000000
mcts,3,1380,-2670000000000
mcts,3,1410,-2670000000000
mcts,3,1440,-2670000000000
mcts,3,1470,-2670000000000
mcts,3,1500,-2670000000000
mcts,3,1530,-2670000000000
mcts,3,1560,-2670000000000
mcts,3,1590,-2670000000000
mcts,3,1620,-2670000000000
mcts,3,1650,-2670000000000
mcts,3,1680,-2670000000000
mcts,3,1710,-2670000000000
mcts,3,1740,-2670000000000
mcts,3,1770,-2670000000000
mcts,3,1800,-2670000000000
mcts,3,1830,-2670000000000
mcts,3,1860,-2670000000000
mcts,3,1890,-2670000000000
mcts,3,1920,-2670000000000
mcts,3,1950,-2670000000000
mcts,3,1980,-2670000000000
mcts,3,2010,-2670000000000
mcts,3,2040,-2670000000000
mcts,3,2070,-2670000000000
mcts,3,2100,-2670000000000
mcts,3,2130,-2670000000000
mcts,3,2160,-2670000000000
mcts,3,2190,-2670000000000
mcts,3,2220,-2670000000000
mcts,3,2250,-2670000000000
mcts,3,2280,-2670000000000
mcts,3,2310,-2670000000000
mcts,3,2340,-2670000000000
mcts,3,2370,-2670000000000
mcts,3,2400,-2670000000000
bh,3,30,-1210000000000
bh,3,60,-1110000000000
bh,3,90,-1110000000000
bh,3,120,-1110000000000
bh,3,150,-1110000000000
bh,3,180,-1100000000000
bh,3,210,-1070000000000
bh,3,240,-1070000000000
bh,3,270,-1070000000000
bh,3,300,-1070000000000
bh,3,330,-1070000000000
bh,3,360,-1070000000000
bh,3,390,-1070000000000
bh,3,420,-1070000000000
bh,3,450,-1070000000000
bh,3,480,-1070000000000
bh,3,510,-1070000000000
bh,3,540,-1070000000000
bh,3,570,-1070000000000
bh,3,600,-1060000000000
bh,3,630,-1060000000000
bh,3,660,-1060000000000
bh,3,690,-1060000000000
bh,3,720,-1060000000000
bh,3,750,-1060000000000
bh,3,780,-1060000000000
bh,3,810,-1060000000000
bh,3,840,-1060000000000
bh,3,870,-1060000000000
bh,3,900,-1060000000000
bh,3,930,-1060000000000
bh,3,960,-1060000000000
bh,3,990,-1060000000000
bh,3,1020,-1060000000000
bh,3,1050,-1060000000000
bh,3,1080,-1060000000000
bh,3,1110,-1060000000000
bh,3,1140,-1060000000000
bh,3,1170,-1060000000000
bh,3,1200,-1060000000000
bh,3,1230,-1060000000000
bh,3,1260,-1060000000000
bh,3,1290,-1060000000000
bh,3,1320,-1060000000000
bh,3,1350,-1060000000000
bh,3,1380,-1060000000000
bh,3,1410,-1060000000000
bh,3,1440,-1060000000000
bh,3,1470,-1060000000000
bh,3,1500,-1060000000000
bh,3,1530,-1060000000000
bh,3,1560,-1060000000000
bh,3,1590,-1060000000000
bh,3,1620,-1060000000000
bh,3,1650,-1060000000000
bh,3,1680,-1060000000000
bh,3,1710,-1060000000000
bh,3,1740,-1060000000000
bh,3,1770,-1060000000000
bh,3,1800,-1060000000000
bh,3,1830,-1060000000000
bh,3,1860,-1060000000000
bh,3,1890,-1060000000000
bh,3,1920,-1060000000000
bh,3,1950,-1060000000000
bh,3,1980,-1060000000000
bh,3,2010,-1060000000000
bh,3,2040,-1060000000000
bh,3,2070,-1060000000000
bh,3,2100,-1060000000000
bh,3,2130,-1060000000000
bh,3,2160,-1060000000000
bh,3,2190,-1060000000000
bh,3,2220,-1060000000000
bh,3,2250,-1060000000000
bh,3,2280,-1060000000000
bh,3,2310,-1060000000000
bh,3,2340,-1060000000000
bh,3,2370,-1060000000000
bh,3,2400,-1060000000000
